{
  "trained": true,
  "n_models": 3,
  "models": [
    "lightgbm",
    "rf",
    "gbdt"
  ],
  "val_acc": 0.5523515641625878,
  "val_auc": 0.5745734457137286,
  "train_time": "2026-04-10T16:40:56.878275"
}