{
  "trained": true,
  "n_models": 3,
  "models": [
    "lightgbm",
    "rf",
    "gbdt"
  ],
  "val_acc": 0.643336015017431,
  "val_auc": 0.7057217085286053,
  "train_time": "2026-04-24T00:33:11.168172"
}