{
  "trained": true,
  "n_models": 3,
  "models": [
    "lightgbm",
    "rf",
    "gbdt"
  ],
  "val_acc": 0.5504362630346882,
  "val_auc": 0.5754180332319759,
  "train_time": "2026-04-13T17:42:05.537523"
}