{
  "trained_at": "2026-04-13T17:42:05.596827",
  "forward_days": 5,
  "return_threshold": 0.02,
  "balance_method": "undersample",
  "feature_count": 36,
  "validation": {
    "min": 0.3131955453495672,
    "max": 0.6460853521767587,
    "mean": 0.49609345827906587,
    "median": 0.5012220374027149
  }
}