{
  "trained_at": "2026-04-10T16:40:56.934310",
  "forward_days": 5,
  "return_threshold": 0.02,
  "balance_method": "undersample",
  "feature_count": 36,
  "validation": {
    "min": 0.27072683668223724,
    "max": 0.6545348015106444,
    "mean": 0.4968030209398478,
    "median": 0.5030226396577164
  }
}